19	44908822	rs7412	C	T	.	.	.
19	44905910	rs440446	C	G,T	.	.	.
19	44908783	rs769455	C	T	.	.	.
19	44908756	rs121918393	C	A,T	.	.	.
19	44909178	rs557715042	G	A,T	.	.	.
19	44908705	rs573658040	C	G,T	.	.	.
19	44908660	rs587778876	C	A,G,T	.	.	.
19	44908822	rs7412	C	T	.	.	.
19	44905910	rs440446	C	G,T	.	.	.
19	44905910	rs440446	C	G,T	.	.	.
19	44905879	rs373985746	G	A	.	.	.
19	44907923	rs969498572	G	A,C	.	.	.
19	44908759	rs1018669382	C	G,T	.	.	.
19	44908621	rs1599953056	G	A,C	.	.	.
19	44908684	rs429358	T	C	.	.	.
19	44908684	rs429358	T	C	.	.	.
19	44908684	rs429358	T	C	.	.	.
19	44909129	rs767339630	G	A,T	.	.	.
19	44907853	rs769452	T	A,C	.	.	.
19	44909080	rs140808909	G	A,T	.	.	.
19	44909083	rs190853081	G	A	.	.	.
19	44909208	rs772936346	C	A,G,T	.	.	.
19	44908798	rs867594573	C	A,T	.	.	.
19	44907777	rs121918392	G	A	.	.	.
19	44907844	rs371694216	G	A,C,T	.	.	.
19	44907837	rs749406635	G	A	.	.	.
19	44907838	rs1599951908	G	A,T	.	.	.
19	44907857	rs1599952000	A	C,G	.	.	.
19	44907869	rs1599952085	T	C	.	.	.
19	44907851	rs758606895	A	G	.	.	.
19	44907833	rs1599951896	G	A	.	.	.
19	44907842	rs1599951917	G	A	.	.	.
19	44907861	rs1599952017	G	A	.	.	.
19	44908608	rs752409518	G	A,T	.	.	.
19	44906655	rs144354013	A	C,G,T	.	.	.
19	44908780	rs1377830202	C	A,T	.	.	.
19	44908812	rs757859088	C	A,T	.	.	.
19	44908797	rs1451822560	C	G	.	.	.
19	44908800	rs1599953763	C	G	.	.	.
19	44908765	rs998239069	T	A,G	.	.	.
19	44908767	rs1599953586	C	A,T	.	.	.
19	44908758	rs753601274	C	G,T	.	.	.
19	44908762	rs954186991	G	A,T	.	.	.
19	44908754	rs1599953509	T	A,C	.	.	.
19	44908785	rs1599953670	T	A,C,G	.	.	.
19	44908795	rs1599953736	-	TGAT	.	.	.
19	44908809	rs1599953786	T	G	.	.	.
19	44909117	rs551256627	C	G,T	.	.	.
19	44909116	rs1599954500	G	A	.	.	.
19	44909137	rs1599954557	A	G	.	.	.
19	44907862	rs1599952025	G	A	.	.	.
19	44908947	rs72654468	C	A,G,T	.	.	.
19	44908875	rs748506927	C	A,G,T	.	.	.
19	44908869	rs1599953980	C	T	.	.	.
19	44908870	rs1599953984	C	G	.	.	.
19	44908768	rs868094551	C	A,T	.	.	.
19	44907921	rs139948786	C	A,T	.	.	.
19	44908840	rs796443813	G	C,T	.	.	.
19	44906667	rs752693941	G	T	.	.	.
19	44907785	rs111833428	G	A	.	.	.
19	44908872	rs1182228267	C	G,T	.	.	.
19	44908837	rs1434405741	C	A,G	.	.	.
19	44909154	rs1341714096	G	A,T	.	.	.
19	44907926	rs781192562	C	G,T	.	.	.
19	44907896	rs11542038	A	C,G	.	.	.
19	44907865	rs762461580	G	A,C,T	.	.	.
19	44907911	rs1599952146	G	A,C	.	.	.
19	44907917	rs1599952157	G	A,T	.	.	.
19	44907925	rs1599952206	T	A	.	.	.
19	44909151	rs1398552850	C	A,G,T	.	.	.
19	44907935	rs1599952243	G	A	.	.	.
19	44907941	rs1599952259	C	A	.	.	.
19	44909066	rs1599954391	T	G	.	.	.
19	44907807	rs201672011	G	A	.	.	.
19	44908899	rs1599954054	C	A,T	.	.	.
19	44907905	rs1599952129	G	C	.	.	.
19	44907944	rs1599952264	G	A	.	.	.
19	44909097	rs1599954456	G	A	.	.	.
19	44909169	rs1599954673	G	T	.	.	.
19	44908827	rs1261733138	G	A	.	.	.
19	44909112	rs1257978352	C	A,G,T	.	.	.
19	44909152	rs750138933	C	A,T	.	.	.
19	44909057	rs199768005	T	A,C	.	.	.
19	44907930	rs757100480	T	A,C,G	.	.	.
19	44907843	rs121918399	C	T	.	.	.
19	44905923	rs563571689	G	A	.	.	.
19	44909016	rs1599954305	C	T	.	.	.
19	44908851	rs781722239	C	A,G,T	.	.	.
19	44908848	rs1599953921	C	A,T	.	.	.
19	44907850	rs1599951966	A	G	.	.	.
19	44908884	rs992491839	C	A,T	.	.	.
19	44908914	rs1456850869	C	A,T	.	.	.
19	44908842	rs1368598158	C	A,T	.	.	.
19	44909021	rs267606663	G	A,C,T	.	.	.
19	44909082	rs569017773	G	A	.	.	.
