rsID,position,variant,MAF
rs7412,44908822,C>T,0.5
rs440446,44905910,"C>G,T",0.5
rs769455,44908783,C>T,0.5
rs121918393,44908756,"C>A,T",0.5
rs557715042,44909178,"G>A,T",0.5
rs573658040,44908705,"C>G,T",0.5
rs587778876,44908660,"C>A,G,T",0.5
rs7412,44908822,C>T,0.5
rs440446,44905910,"C>G,T",0.5
rs440446,44905910,"C>G,T",0.5
rs373985746,44905879,G>A,0.5
rs969498572,44907923,"G>A,C",0.5
rs1018669382,44908759,"C>G,T",0.5
rs1599953056,44908621,"G>A,C",0.5
rs429358,44908684,T>C,0.4683544
rs429358,44908684,T>C,0.4683544
rs429358,44908684,T>C,0.4683544
rs767339630,44909129,"G>A,T",0.025
rs769452,44907853,"T>A,C",0.0099338
rs140808909,44909080,"G>A,T",0.0083555
rs190853081,44909083,G>A,0.0083555
rs772936346,44909208,"C>A,G,T",0.007877
rs867594573,44908798,"C>A,T",0.006
rs121918392,44907777,G>A,0.0038479
rs371694216,44907844,"G>A,C,T",0.003821
rs749406635,44907837,G>A,0.003821
rs1599951908,44907838,"G>A,T",0.003821
rs1599952000,44907857,"A>C,G",0.003821
rs1599952085,44907869,T>C,0.003821
rs758606895,44907851,A>G,0.0038
rs1599951896,44907833,G>A,0.0038
rs1599951917,44907842,G>A,0.0038
rs1599952017,44907861,G>A,0.0038
rs752409518,44908608,"G>A,T",0.0033333
rs144354013,44906655,"A>C,G,T",0.002902
rs1377830202,44908780,"C>A,T",0.0028313
rs757859088,44908812,"C>A,T",0.0028313
rs1451822560,44908797,C>G,0.002828
rs1599953763,44908800,C>G,0.002828
rs998239069,44908765,"T>A,G",0.00282
rs1599953586,44908767,"C>A,T",0.0028185
rs753601274,44908758,"C>G,T",0.002815
rs954186991,44908762,"G>A,T",0.002815
rs1599953509,44908754,"T>A,C",0.0028121
rs1599953670,44908785,"T>A,C,G",0.0028
rs1599953736,44908795,->TGAT,0.0028
rs1599953786,44908809,T>G,0.0028
rs551256627,44909117,"C>G,T",0.0027435
rs1599954500,44909116,G>A,0.00274
rs1599954557,44909137,A>G,0.00274
rs1599952025,44907862,G>A,0.002729
rs72654468,44908947,"C>A,G,T",0.00272
rs748506927,44908875,"C>A,G,T",0.0021
rs1599953980,44908869,C>T,0.0021
rs1599953984,44908870,C>G,0.0021
rs868094551,44908768,"C>A,T",0.002
rs139948786,44907921,"C>A,T",0.001924
rs796443813,44908840,"G>C,T",0.001894
rs752693941,44906667,G>T,0.001873
rs111833428,44907785,G>A,0.0018727
rs1182228267,44908872,"C>G,T",0.0017895
rs1434405741,44908837,"C>A,G",0.0017409
rs1341714096,44909154,"G>A,T",0.0017112
rs781192562,44907926,"C>G,T",0.001711
rs11542038,44907896,"A>C,G",0.001711
rs762461580,44907865,"G>A,C,T",0.001711
rs1599952146,44907911,"G>A,C",0.001711
rs1599952157,44907917,"G>A,T",0.001711
rs1599952206,44907925,T>A,0.001711
rs1398552850,44909151,"C>A,G,T",0.00171
rs1599952243,44907935,G>A,0.0017
rs1599952259,44907941,C>A,0.0017
rs1599954391,44909066,T>G,0.0017
rs201672011,44907807,G>A,0.0015129
rs1599954054,44908899,"C>A,T",0.0014368
rs1599952129,44907905,G>C,0.0014
rs1599952264,44907944,G>A,0.0014
rs1599954456,44909097,G>A,0.0014
rs1599954673,44909169,G>T,0.0014
rs1261733138,44908827,G>A,0.001384
rs1257978352,44909112,"C>A,G,T",0.001371
rs750138933,44909152,"C>A,T",0.00137
rs199768005,44909057,"T>A,C",0.00135
rs757100480,44907930,"T>A,C,G",0.0013
rs121918399,44907843,C>T,0.001263
rs563571689,44905923,G>A,0.001145
rs1599954305,44909016,C>T,0.001124
rs781722239,44908851,"C>A,G,T",0.001116
rs1599953921,44908848,"C>A,T",0.0011
rs1599951966,44907850,A>G,0.0011
rs992491839,44908884,"C>A,T",0.001081
rs1456850869,44908914,"C>A,T",0.00108
rs1368598158,44908842,"C>A,T",0.0010512
rs267606663,44909021,"G>A,C,T",0.001036
rs569017773,44909082,G>A,0.0010043
